<?xml version="1.0" encoding="UTF-8"?>
<beans xmlns="http://www.springframework.org/schema/beans"
       xmlns:xsi="http://www.w3.org/2001/XMLSchema-instance"
       xmlns:context="http://www.springframework.org/schema/context"
       xmlns:mvc="http://www.springframework.org/schema/mvc"
       xsi:schemaLocation="http://www.springframework.org/schema/beans http://www.springframework.org/schema/beans/spring-beans.xsd http://www.springframework.org/schema/context http://www.springframework.org/schema/context/spring-context.xsd http://www.springframework.org/schema/mvc http://www.springframework.org/schema/mvc/spring-mvc.xsd">

    <!-- 配置包扫描器 -->
    <context:component-scan base-package="controller"/>
    <context:component-scan base-package="service"/>
    <!-- 配置注解驱动 -->
    <mvc:annotation-driven/>
    <!-- 视图解析器 -->
    <bean class="org.springframework.web.servlet.view.InternalResourceViewResolver">
        <property name="prefix" value="/"/>
        <property name="suffix" value=".jsp"/>
    </bean>

    <!-- 配置数据库 -->
    <bean id="dataSource"
          class="org.apache.commons.dbcp2.BasicDataSource">
        <property name="driverClassName"
                  value="com.mysql.jdbc.Driver">
        </property>
        <property name="url" value="jdbc:mysql://rm-wz99u3o2nb7441m4xqo.mysql.rds.aliyuncs.com:3306/weather?serverTimezone=GMT"></property>
        <property name="username" value="root"></property>
        <property name="password" value="Password1"></property>
    </bean>
    <!-- 配置sessionFactory -->
    <bean id="sessionFactory"
          class="org.springframework.orm.hibernate5.LocalSessionFactoryBean">
        <property name="dataSource">
            <ref bean="dataSource" />
        </property>
        <property name="hibernateProperties">
            <props>
                <prop key="hibernate.dialect">
                    org.hibernate.dialect.MySQLDialect
                </prop>
            </props>
        </property>
        <property name="configLocation" value="classpath:hibernate.cfg.xml"/>
    </bean>

    <bean id="weatherDao" class="dao.WeatherDao">
        <property name="sessionFactory">
            <ref bean="sessionFactory" />
        </property>
    </bean>

</beans>