<?xml version='1.0' encoding='utf-8'?>
<!DOCTYPE hibernate-configuration PUBLIC
    "-//Hibernate/Hibernate Configuration DTD//EN"
    "http://www.hibernate.org/dtd/hibernate-configuration-3.0.dtd">
<hibernate-configuration>
  <session-factory>
    <property name="connection.url">jdbc:mysql://rm-wz99u3o2nb7441m4xqo.mysql.rds.aliyuncs.com:3306/weather</property>
    <property name="connection.driver_class">com.mysql.jdbc.Driver</property>
      <mapping resource="entity/WeatherEntity.hbm.xml"/>
      <mapping class="entity.WeatherEntity"/>
      <!-- <property name="connection.username"/> -->
    <!-- <property name="connection.password"/> -->

    <!-- DB schema will be updated if needed -->
    <!-- <property name="hbm2ddl.auto">update</property> -->
  </session-factory>
</hibernate-configuration>